{
    "episode": 1,
    "level": 1,
    "listeners": [
        {
            "linedef": 0,
            "type": "use",
            "door": "E1M1-normal"
        },
        {
            "linedef": 464,
            "type": "cross",
            "side": 1,
            "door": "E1M1-secret"
        }
    ],
    "doors": {
        "E1M1-normal": {
            "x": 1056,
            "y": -3616,
            "rotation": 90
        },
        "E1M1-secret": {
            "x": 3380.2933197021484,
            "y": -3034.112518310547,
            "angleDeg": 61.171875
        },
        "E1M1-partner": {
            "x": 1008,
            "y": -3600,
            "rotation": 90
        },
        "E1M1-ally": {
            "x": 1104,
            "y": -3600,
            "rotation": 90
        },
        "E1M1-buddy": {
            "x": 960,
            "y": -3600,
            "rotation": 90
        },
        "E1M1-dm1": {
            "x": -288,
            "y": -3232,
            "rotation": 0
        },
        "E1M1-dm2": {
            "x": 1056,
            "y": -3552,
            "rotation": 90
        },
        "E1M1-dm3": {
            "x": 1856,
            "y": -2912,
            "rotation": 270
        },
        "E1M1-dm4": {
            "x": 3408,
            "y": -3504,
            "rotation": 135
        },
        "E1M1-dm5": {
            "x": 2784,
            "y": -4160,
            "rotation": 270
        }
    }
}
