{
    "episode": 1,
    "level": 3,
    "listeners": [],
    "doors": {
        "E1M3-normal": {
            "x": -1472,
            "y": -3344,
            "rotation": 90
        },
        "E1M3-secret": {
            "x": -2337.3377380371094,
            "y": -2455.0948028564453,
            "angleDeg": -4.21875
        },
        "E1M3-partner": {
            "x": -1408,
            "y": -3344,
            "rotation": 90
        },
        "E1M3-ally": {
            "x": -1600,
            "y": -3344,
            "rotation": 90
        },
        "E1M3-buddy": {
            "x": -1536,
            "y": -3344,
            "rotation": 90
        },
        "E1M3-dm1": {
            "x": -2528,
            "y": -2304,
            "rotation": 315
        },
        "E1M3-dm2": {
            "x": -1088,
            "y": -1264,
            "rotation": 90
        },
        "E1M3-dm3": {
            "x": -2240,
            "y": -1088,
            "rotation": 0
        },
        "E1M3-dm4": {
            "x": -2944,
            "y": -1152,
            "rotation": 90
        },
        "E1M3-dm5": {
            "x": 512,
            "y": -1600,
            "rotation": 180
        },
        "E1M3-dm6": {
            "x": 192,
            "y": -2816,
            "rotation": 90
        },
        "E1M3-dm7": {
            "x": -1280,
            "y": -2240,
            "rotation": 0
        },
        "E1M3-dm8": {
            "x": -2112,
            "y": -2624,
            "rotation": 90
        },
        "E1M3-dm9": {
            "x": -2112,
            "y": -2144,
            "rotation": 90
        }
    }
}
